address	name	file	status
00415420	FUN_00415420	00415420_FUN_00415420.c	ok
00417c40	FUN_00417c40	00417c40_FUN_00417c40.c	ok
0041ed90	FUN_0041ed90	0041ed90_FUN_0041ed90.c	ok
0042c240	FUN_0042c240	0042c240_FUN_0042c240.c	ok
0043c8a0	FUN_0043c8a0	0043c8a0_FUN_0043c8a0.c	ok
004423c0	FUN_004423c0	004423c0_FUN_004423c0.c	ok
00444fc0	FUN_00444fc0	00444fc0_FUN_00444fc0.c	ok
00446b60	FUN_00446b60	00446b60_FUN_00446b60.c	ok
0044f5e0	FUN_0044f5e0	0044f5e0_FUN_0044f5e0.c	ok
00454c40	FUN_00454c40	00454c40_FUN_00454c40.c	ok
004640d0	FUN_004640d0	004640d0_FUN_004640d0.c	ok
00464120	FUN_00464120	00464120_FUN_00464120.c	ok
004641f0	FUN_004641f0	004641f0_FUN_004641f0.c	ok
00476750	FUN_00476750	00476750_FUN_00476750.c	ok
0047a6f0	FUN_0047a6f0	0047a6f0_FUN_0047a6f0.c	ok
0047b590	FUN_0047b590	0047b590_FUN_0047b590.c	ok
0047cea0	FUN_0047cea0	0047cea0_FUN_0047cea0.c	ok
0047d270	FUN_0047d270	0047d270_FUN_0047d270.c	ok
0047d380	FUN_0047d380	0047d380_FUN_0047d380.c	ok
0047ed10	FUN_0047ed10	0047ed10_FUN_0047ed10.c	ok
0048c260	FUN_0048c260	0048c260_FUN_0048c260.c	ok
0048fab0	FUN_0048fab0	0048fab0_FUN_0048fab0.c	ok
004937a0	FUN_004937a0	004937a0_FUN_004937a0.c	ok
00498120	FUN_00498120	00498120_FUN_00498120.c	ok
00498350	FUN_00498350	00498350_FUN_00498350.c	ok
0049f690	FUN_0049f690	0049f690_FUN_0049f690.c	ok
0049f8a0	FUN_0049f8a0	0049f8a0_FUN_0049f8a0.c	ok
004a3020	FUN_004a3020	004a3020_FUN_004a3020.c	ok
004a30e0	FUN_004a30e0	004a30e0_FUN_004a30e0.c	ok
004a3250	FUN_004a3250	004a3250_FUN_004a3250.c	ok
004a32b0	FUN_004a32b0	004a32b0_FUN_004a32b0.c	ok
004a5440	FUN_004a5440	004a5440_FUN_004a5440.c	ok
004bc8b0	FUN_004bc8b0	004bc8b0_FUN_004bc8b0.c	ok
004bced0	FUN_004bced0	004bced0_FUN_004bced0.c	ok
004c4a00	FUN_004c4a00	004c4a00_FUN_004c4a00.c	ok
004d6360	FUN_004d6360	004d6360_FUN_004d6360.c	ok
004dfb90	FUN_004dfb90	004dfb90_FUN_004dfb90.c	ok
004f4320	FUN_004f4320	004f4320_FUN_004f4320.c	ok
004fbbc0	FUN_004fbbc0	004fbbc0_FUN_004fbbc0.c	ok
004fcc90	FUN_004fcc90	004fcc90_FUN_004fcc90.c	ok
00500930	FUN_00500930	00500930_FUN_00500930.c	ok
00501d50	FUN_00501d50	00501d50_FUN_00501d50.c	ok
00502780	FUN_00502780	00502780_FUN_00502780.c	ok
0050ae50	FUN_0050ae50	0050ae50_FUN_0050ae50.c	ok
0051b9a0	FUN_0051b9a0	0051b9a0_FUN_0051b9a0.c	ok
005215c0	FUN_005215c0	005215c0_FUN_005215c0.c	ok
00529770	FUN_00529770	00529770_FUN_00529770.c	ok
0052cd10	FUN_0052cd10	0052cd10_FUN_0052cd10.c	ok
0052fa00	FUN_0052fa00	0052fa00_FUN_0052fa00.c	ok
0052fa90	FUN_0052fa90	0052fa90_FUN_0052fa90.c	ok
00544690	FUN_00544690	00544690_FUN_00544690.c	ok
00545410	FUN_00545410	00545410_FUN_00545410.c	ok
00546040	FUN_00546040	00546040_FUN_00546040.c	ok
0055ede0	FUN_0055ede0	0055ede0_FUN_0055ede0.c	ok
00563800	FUN_00563800	00563800_FUN_00563800.c	ok
0057cd90	FUN_0057cd90	0057cd90_FUN_0057cd90.c	ok
00586b30	FUN_00586b30	00586b30_FUN_00586b30.c	ok
00588c80	FUN_00588c80	00588c80_FUN_00588c80.c	ok
00593b80	FUN_00593b80	00593b80_FUN_00593b80.c	ok
005977e0	FUN_005977e0	005977e0_FUN_005977e0.c	ok
005988a0	FUN_005988a0	005988a0_FUN_005988a0.c	ok
0059aac0	FUN_0059aac0	0059aac0_FUN_0059aac0.c	ok
0059b0b0	FUN_0059b0b0	0059b0b0_FUN_0059b0b0.c	ok
0059d1a0	FUN_0059d1a0	0059d1a0_FUN_0059d1a0.c	ok
0059e8f0	FUN_0059e8f0	0059e8f0_FUN_0059e8f0.c	ok
005a0340	FUN_005a0340	005a0340_FUN_005a0340.c	ok
005a0ea0	FUN_005a0ea0	005a0ea0_FUN_005a0ea0.c	ok
005b3b00	FUN_005b3b00	005b3b00_FUN_005b3b00.c	ok
005b3c60	FUN_005b3c60	005b3c60_FUN_005b3c60.c	ok
005b3f60	FUN_005b3f60	005b3f60_FUN_005b3f60.c	ok
005b8850	FUN_005b8850	005b8850_FUN_005b8850.c	ok
005ba640	FUN_005ba640	005ba640_FUN_005ba640.c	Exception while decompiling 005ba640: process: timeout 
005e4ad0	FUN_005e4ad0	005e4ad0_FUN_005e4ad0.c	ok
005ecce0	FUN_005ecce0	005ecce0_FUN_005ecce0.c	ok
005ed400	FUN_005ed400	005ed400_FUN_005ed400.c	ok
005f5190	FUN_005f5190	005f5190_FUN_005f5190.c	ok
006189f0	FUN_006189f0	006189f0_FUN_006189f0.c	ok
0061ba70	FUN_0061ba70	0061ba70_FUN_0061ba70.c	ok
0061bd90	FUN_0061bd90	0061bd90_FUN_0061bd90.c	ok
00656060	FUN_00656060	00656060_FUN_00656060.c	ok
006579f0	FUN_006579f0	006579f0_FUN_006579f0.c	ok
0065d460	FUN_0065d460	0065d460_FUN_0065d460.c	Exception while decompiling 0065d460: process: timeout 
00668ad0	FUN_00668ad0	00668ad0_FUN_00668ad0.c	ok
0066cdc0	FUN_0066cdc0	0066cdc0_FUN_0066cdc0.c	ok
00688380	FUN_00688380	00688380_FUN_00688380.c	ok
00689440	FUN_00689440	00689440_FUN_00689440.c	ok
006aafc0	FUN_006aafc0	006aafc0_FUN_006aafc0.c	ok
006ae810	FUN_006ae810	006ae810_FUN_006ae810.c	ok
006af790	FUN_006af790	006af790_FUN_006af790.c	ok
006b04c0	FUN_006b04c0	006b04c0_FUN_006b04c0.c	ok
006b0ce0	FUN_006b0ce0	006b0ce0_FUN_006b0ce0.c	ok
006b1af0	FUN_006b1af0	006b1af0_FUN_006b1af0.c	ok
006b51c0	FUN_006b51c0	006b51c0_FUN_006b51c0.c	ok
006ce480	FUN_006ce480	006ce480_FUN_006ce480.c	ok
006d3a60	FUN_006d3a60	006d3a60_FUN_006d3a60.c	ok
006d4890	FUN_006d4890	006d4890_FUN_006d4890.c	ok
006d4910	FUN_006d4910	006d4910_FUN_006d4910.c	ok
006d9280	FUN_006d9280	006d9280_FUN_006d9280.c	ok
006d9310	FUN_006d9310	006d9310_FUN_006d9310.c	ok
006da2f0	FUN_006da2f0	006da2f0_FUN_006da2f0.c	ok
006dbf70	FUN_006dbf70	006dbf70_FUN_006dbf70.c	ok
006ddf20	FUN_006ddf20	006ddf20_FUN_006ddf20.c	ok
006ddf90	FUN_006ddf90	006ddf90_FUN_006ddf90.c	ok
006dfc30	FUN_006dfc30	006dfc30_FUN_006dfc30.c	ok
006dfd30	FUN_006dfd30	006dfd30_FUN_006dfd30.c	ok
006e1160	FUN_006e1160	006e1160_FUN_006e1160.c	ok
006e1680	FUN_006e1680	006e1680_FUN_006e1680.c	ok
006e9100	FUN_006e9100	006e9100_FUN_006e9100.c	ok
006ed4e0	FUN_006ed4e0	006ed4e0_FUN_006ed4e0.c	ok
006f5a40	FUN_006f5a40	006f5a40_FUN_006f5a40.c	ok
006f5ab0	FUN_006f5ab0	006f5ab0_FUN_006f5ab0.c	ok
00702510	FUN_00702510	00702510_FUN_00702510.c	ok
00702820	FUN_00702820	00702820_FUN_00702820.c	ok
007028b0	FUN_007028b0	007028b0_FUN_007028b0.c	ok
00706c80	FUN_00706c80	00706c80_FUN_00706c80.c	ok
0070c6d0	FUN_0070c6d0	0070c6d0_FUN_0070c6d0.c	ok
00713920	FUN_00713920	00713920_FUN_00713920.c	ok
00714440	FUN_00714440	00714440_FUN_00714440.c	ok
00714540	FUN_00714540	00714540_FUN_00714540.c	ok
00714640	FUN_00714640	00714640_FUN_00714640.c	ok
00714ab0	FUN_00714ab0	00714ab0_FUN_00714ab0.c	ok
007167a0	FUN_007167a0	007167a0_FUN_007167a0.c	ok
00716dd0	FUN_00716dd0	00716dd0_FUN_00716dd0.c	ok
00719b30	FUN_00719b30	00719b30_FUN_00719b30.c	ok
0071caa0	FUN_0071caa0	0071caa0_FUN_0071caa0.c	ok
00725bc0	FUN_00725bc0	00725bc0_FUN_00725bc0.c	ok
007277f0	FUN_007277f0	007277f0_FUN_007277f0.c	ok
007299b0	FUN_007299b0	007299b0_FUN_007299b0.c	ok
0072a430	FUN_0072a430	0072a430_FUN_0072a430.c	ok
0072aac0	FUN_0072aac0	0072aac0_FUN_0072aac0.c	ok
0072ab40	FUN_0072ab40	0072ab40_FUN_0072ab40.c	ok
0072abd0	FUN_0072abd0	0072abd0_FUN_0072abd0.c	ok
0072ac50	FUN_0072ac50	0072ac50_FUN_0072ac50.c	ok
0072aed0	FUN_0072aed0	0072aed0_FUN_0072aed0.c	ok
0072af50	FUN_0072af50	0072af50_FUN_0072af50.c	ok
0072afd0	FUN_0072afd0	0072afd0_FUN_0072afd0.c	ok
0072b050	FUN_0072b050	0072b050_FUN_0072b050.c	ok
0072b0e0	FUN_0072b0e0	0072b0e0_FUN_0072b0e0.c	ok
0072b160	FUN_0072b160	0072b160_FUN_0072b160.c	ok
0072b1e0	FUN_0072b1e0	0072b1e0_FUN_0072b1e0.c	ok
0072b360	FUN_0072b360	0072b360_FUN_0072b360.c	ok
0072b480	FUN_0072b480	0072b480_FUN_0072b480.c	ok
0072bad0	FUN_0072bad0	0072bad0_FUN_0072bad0.c	ok
0072c3c0	FUN_0072c3c0	0072c3c0_FUN_0072c3c0.c	ok
0072c7b0	FUN_0072c7b0	0072c7b0_FUN_0072c7b0.c	Exception while decompiling 0072c7b0: process: timeout 
007563a0	FUN_007563a0	007563a0_FUN_007563a0.c	ok
00757190	FUN_00757190	00757190_FUN_00757190.c	ok
00757800	FUN_00757800	00757800_FUN_00757800.c	ok
0075aed0	FUN_0075aed0	0075aed0_FUN_0075aed0.c	ok
00762100	FUN_00762100	00762100_FUN_00762100.c	ok
00764ec0	FUN_00764ec0	00764ec0_FUN_00764ec0.c	ok
007654f0	FUN_007654f0	007654f0_FUN_007654f0.c	Exception while decompiling 007654f0: process: timeout 
00779f30	FUN_00779f30	00779f30_FUN_00779f30.c	ok
0077a760	FUN_0077a760	0077a760_FUN_0077a760.c	ok
0077a7d0	FUN_0077a7d0	0077a7d0_FUN_0077a7d0.c	ok
0077a840	FUN_0077a840	0077a840_FUN_0077a840.c	ok
0077a890	FUN_0077a890	0077a890_FUN_0077a890.c	ok
0077aad0	FUN_0077aad0	0077aad0_FUN_0077aad0.c	ok
0077ae40	FUN_0077ae40	0077ae40_FUN_0077ae40.c	ok
0077ae70	FUN_0077ae70	0077ae70_FUN_0077ae70.c	ok
0077b1a0	FUN_0077b1a0	0077b1a0_FUN_0077b1a0.c	ok
0077b300	FUN_0077b300	0077b300_FUN_0077b300.c	ok
0077b350	FUN_0077b350	0077b350_FUN_0077b350.c	ok
0077b470	FUN_0077b470	0077b470_FUN_0077b470.c	ok
0077b980	FUN_0077b980	0077b980_FUN_0077b980.c	ok
0077b9d0	FUN_0077b9d0	0077b9d0_FUN_0077b9d0.c	ok
0077ba20	FUN_0077ba20	0077ba20_FUN_0077ba20.c	ok
0077bab0	FUN_0077bab0	0077bab0_FUN_0077bab0.c	ok
0077bae0	FUN_0077bae0	0077bae0_FUN_0077bae0.c	ok
0077bb90	FUN_0077bb90	0077bb90_FUN_0077bb90.c	ok
0077bc30	FUN_0077bc30	0077bc30_FUN_0077bc30.c	ok
0077bcb0	FUN_0077bcb0	0077bcb0_FUN_0077bcb0.c	ok
0077c680	FUN_0077c680	0077c680_FUN_0077c680.c	ok
0077d300	FUN_0077d300	0077d300_FUN_0077d300.c	ok
0077d4c0	FUN_0077d4c0	0077d4c0_FUN_0077d4c0.c	ok
0077d610	FUN_0077d610	0077d610_FUN_0077d610.c	ok
0077da10	FUN_0077da10	0077da10_FUN_0077da10.c	ok
0077db90	FUN_0077db90	0077db90_FUN_0077db90.c	ok
0077ddb0	FUN_0077ddb0	0077ddb0_FUN_0077ddb0.c	ok
0077df00	FUN_0077df00	0077df00_FUN_0077df00.c	ok
0077e060	FUN_0077e060	0077e060_FUN_0077e060.c	ok
0077e340	FUN_0077e340	0077e340_FUN_0077e340.c	ok
0077e520	FUN_0077e520	0077e520_FUN_0077e520.c	ok
0077eca0	FUN_0077eca0	0077eca0_FUN_0077eca0.c	ok
0077f300	FUN_0077f300	0077f300_FUN_0077f300.c	ok
0077fec0	FUN_0077fec0	0077fec0_FUN_0077fec0.c	ok
007804a0	FUN_007804a0	007804a0_FUN_007804a0.c	ok
00780e50	FUN_00780e50	00780e50_FUN_00780e50.c	ok
007812e0	FUN_007812e0	007812e0_FUN_007812e0.c	ok
00782b40	FUN_00782b40	00782b40_FUN_00782b40.c	ok
007833e0	FUN_007833e0	007833e0_FUN_007833e0.c	ok
00786e60	FUN_00786e60	00786e60_FUN_00786e60.c	ok
007882e0	FUN_007882e0	007882e0_FUN_007882e0.c	ok
00789280	FUN_00789280	00789280_FUN_00789280.c	ok
0078b540	FUN_0078b540	0078b540_FUN_0078b540.c	ok
0078bce0	FUN_0078bce0	0078bce0_FUN_0078bce0.c	ok
0078ca40	FUN_0078ca40	0078ca40_FUN_0078ca40.c	ok
0078f9a0	FUN_0078f9a0	0078f9a0_FUN_0078f9a0.c	ok
00793220	FUN_00793220	00793220_FUN_00793220.c	ok
00793ec0	FUN_00793ec0	00793ec0_FUN_00793ec0.c	ok
00794320	FUN_00794320	00794320_FUN_00794320.c	ok
007963a0	FUN_007963a0	007963a0_FUN_007963a0.c	ok
00796400	FUN_00796400	00796400_FUN_00796400.c	ok
00796aa0	FUN_00796aa0	00796aa0_FUN_00796aa0.c	ok
00796f20	FUN_00796f20	00796f20_FUN_00796f20.c	ok
007973c0	FUN_007973c0	007973c0_FUN_007973c0.c	ok
00798900	FUN_00798900	00798900_FUN_00798900.c	ok
00799e60	FUN_00799e60	00799e60_FUN_00799e60.c	ok
0079a4e0	FUN_0079a4e0	0079a4e0_FUN_0079a4e0.c	ok
0079b820	FUN_0079b820	0079b820_FUN_0079b820.c	ok
0079c460	FUN_0079c460	0079c460_FUN_0079c460.c	ok
0079ca00	FUN_0079ca00	0079ca00_FUN_0079ca00.c	ok
0079d7a0	FUN_0079d7a0	0079d7a0_FUN_0079d7a0.c	ok
0079e340	FUN_0079e340	0079e340_FUN_0079e340.c	ok
007a0840	FUN_007a0840	007a0840_FUN_007a0840.c	ok
007a1500	FUN_007a1500	007a1500_FUN_007a1500.c	ok
007a1960	FUN_007a1960	007a1960_FUN_007a1960.c	ok
007a2b40	FUN_007a2b40	007a2b40_FUN_007a2b40.c	ok
007a4340	FUN_007a4340	007a4340_FUN_007a4340.c	ok
007a5220	FUN_007a5220	007a5220_FUN_007a5220.c	ok
007a7580	FUN_007a7580	007a7580_FUN_007a7580.c	ok
007a8500	FUN_007a8500	007a8500_FUN_007a8500.c	ok
007a9980	FUN_007a9980	007a9980_FUN_007a9980.c	ok
007aa560	FUN_007aa560	007aa560_FUN_007aa560.c	ok
007ab400	FUN_007ab400	007ab400_FUN_007ab400.c	ok
007ac060	FUN_007ac060	007ac060_FUN_007ac060.c	ok
007ac590	FUN_007ac590	007ac590_FUN_007ac590.c	ok
007accd0	FUN_007accd0	007accd0_FUN_007accd0.c	ok
007ad500	FUN_007ad500	007ad500_FUN_007ad500.c	ok
007ad980	FUN_007ad980	007ad980_FUN_007ad980.c	ok
007b3e60	FUN_007b3e60	007b3e60_FUN_007b3e60.c	ok
007b7740	FUN_007b7740	007b7740_FUN_007b7740.c	ok
007b8120	FUN_007b8120	007b8120_FUN_007b8120.c	ok
007b89c0	FUN_007b89c0	007b89c0_FUN_007b89c0.c	ok
007b9100	FUN_007b9100	007b9100_FUN_007b9100.c	ok
007b96e0	FUN_007b96e0	007b96e0_FUN_007b96e0.c	ok
007ba280	FUN_007ba280	007ba280_FUN_007ba280.c	ok
007bab80	FUN_007bab80	007bab80_FUN_007bab80.c	ok
007bbdc0	FUN_007bbdc0	007bbdc0_FUN_007bbdc0.c	ok
007bc300	FUN_007bc300	007bc300_FUN_007bc300.c	ok
007bdc60	FUN_007bdc60	007bdc60_FUN_007bdc60.c	ok
007c40e0	FUN_007c40e0	007c40e0_FUN_007c40e0.c	ok
007c7280	FUN_007c7280	007c7280_FUN_007c7280.c	ok
007c7e90	FUN_007c7e90	007c7e90_FUN_007c7e90.c	ok
007c83d0	FUN_007c83d0	007c83d0_FUN_007c83d0.c	ok
007c8ac0	FUN_007c8ac0	007c8ac0_FUN_007c8ac0.c	ok
007c9500	FUN_007c9500	007c9500_FUN_007c9500.c	ok
007c9e10	FUN_007c9e10	007c9e10_FUN_007c9e10.c	ok
007cada0	FUN_007cada0	007cada0_FUN_007cada0.c	ok
007cd3e0	FUN_007cd3e0	007cd3e0_FUN_007cd3e0.c	ok
007ce470	FUN_007ce470	007ce470_FUN_007ce470.c	ok
007cec40	FUN_007cec40	007cec40_FUN_007cec40.c	ok
007d0300	FUN_007d0300	007d0300_FUN_007d0300.c	ok
007d1f40	FUN_007d1f40	007d1f40_FUN_007d1f40.c	ok
007d2600	FUN_007d2600	007d2600_FUN_007d2600.c	ok
007d40f0	FUN_007d40f0	007d40f0_FUN_007d40f0.c	ok
007d5820	FUN_007d5820	007d5820_FUN_007d5820.c	ok
007d7600	FUN_007d7600	007d7600_FUN_007d7600.c	ok
007d7f80	FUN_007d7f80	007d7f80_FUN_007d7f80.c	ok
007d8980	FUN_007d8980	007d8980_FUN_007d8980.c	ok
007d9830	FUN_007d9830	007d9830_FUN_007d9830.c	ok
007da870	FUN_007da870	007da870_FUN_007da870.c	ok
007db9a0	FUN_007db9a0	007db9a0_FUN_007db9a0.c	ok
007dc200	FUN_007dc200	007dc200_FUN_007dc200.c	ok
007de8c0	FUN_007de8c0	007de8c0_FUN_007de8c0.c	ok
007df3e0	FUN_007df3e0	007df3e0_FUN_007df3e0.c	ok
007e1200	FUN_007e1200	007e1200_FUN_007e1200.c	ok
007e3fa0	FUN_007e3fa0	007e3fa0_FUN_007e3fa0.c	ok
007e51e0	FUN_007e51e0	007e51e0_FUN_007e51e0.c	ok
007e6820	FUN_007e6820	007e6820_FUN_007e6820.c	ok
007e7240	FUN_007e7240	007e7240_FUN_007e7240.c	ok
007e88c0	FUN_007e88c0	007e88c0_FUN_007e88c0.c	ok
007e96a0	FUN_007e96a0	007e96a0_FUN_007e96a0.c	ok
007ec500	FUN_007ec500	007ec500_FUN_007ec500.c	ok
007ee960	FUN_007ee960	007ee960_FUN_007ee960.c	ok
007f1720	FUN_007f1720	007f1720_FUN_007f1720.c	ok
007f3c20	FUN_007f3c20	007f3c20_FUN_007f3c20.c	ok
007f5640	FUN_007f5640	007f5640_FUN_007f5640.c	ok
007f80f0	FUN_007f80f0	007f80f0_FUN_007f80f0.c	ok
007f81a0	FUN_007f81a0	007f81a0_FUN_007f81a0.c	ok
007f9460	FUN_007f9460	007f9460_FUN_007f9460.c	ok
007fe560	FUN_007fe560	007fe560_FUN_007fe560.c	ok
007fe5c0	FUN_007fe5c0	007fe5c0_FUN_007fe5c0.c	ok
007ff570	FUN_007ff570	007ff570_FUN_007ff570.c	ok
007ff5b0	FUN_007ff5b0	007ff5b0_FUN_007ff5b0.c	ok
007ffee0	FUN_007ffee0	007ffee0_FUN_007ffee0.c	ok
00800800	FUN_00800800	00800800_FUN_00800800.c	ok
00803d80	FUN_00803d80	00803d80_FUN_00803d80.c	ok
00804640	FUN_00804640	00804640_FUN_00804640.c	ok
00806440	FUN_00806440	00806440_FUN_00806440.c	ok
008097e0	FUN_008097e0	008097e0_FUN_008097e0.c	ok
0080b3e0	FUN_0080b3e0	0080b3e0_FUN_0080b3e0.c	ok
0080b410	FUN_0080b410	0080b410_FUN_0080b410.c	ok
0080b8c0	FUN_0080b8c0	0080b8c0_FUN_0080b8c0.c	ok
0080d740	FUN_0080d740	0080d740_FUN_0080d740.c	ok
0080fc80	FUN_0080fc80	0080fc80_FUN_0080fc80.c	ok
00814280	FUN_00814280	00814280_FUN_00814280.c	ok
008148e0	FUN_008148e0	008148e0_FUN_008148e0.c	ok
00815980	FUN_00815980	00815980_FUN_00815980.c	ok
00819560	FUN_00819560	00819560_FUN_00819560.c	ok
0081a580	FUN_0081a580	0081a580_FUN_0081a580.c	ok
0081e9d0	FUN_0081e9d0	0081e9d0_FUN_0081e9d0.c	ok
0081f2e0	FUN_0081f2e0	0081f2e0_FUN_0081f2e0.c	ok
0081f380	FUN_0081f380	0081f380_FUN_0081f380.c	ok
0081f840	FUN_0081f840	0081f840_FUN_0081f840.c	ok
0081f8e0	FUN_0081f8e0	0081f8e0_FUN_0081f8e0.c	ok
0081fa20	FUN_0081fa20	0081fa20_FUN_0081fa20.c	ok
0081fac0	FUN_0081fac0	0081fac0_FUN_0081fac0.c	ok
0081fb60	FUN_0081fb60	0081fb60_FUN_0081fb60.c	ok
00820600	FUN_00820600	00820600_FUN_00820600.c	ok
008216e0	FUN_008216e0	008216e0_FUN_008216e0.c	ok
00821820	FUN_00821820	00821820_FUN_00821820.c	ok
00821c80	FUN_00821c80	00821c80_FUN_00821c80.c	ok
008220e0	FUN_008220e0	008220e0_FUN_008220e0.c	ok
00822360	FUN_00822360	00822360_FUN_00822360.c	ok
00822540	FUN_00822540	00822540_FUN_00822540.c	ok
00823850	FUN_00823850	00823850_FUN_00823850.c	ok
008238f0	FUN_008238f0	008238f0_FUN_008238f0.c	ok
00823990	FUN_00823990	00823990_FUN_00823990.c	ok
00823ad0	FUN_00823ad0	00823ad0_FUN_00823ad0.c	ok
00823ee0	FUN_00823ee0	00823ee0_FUN_00823ee0.c	ok
00824020	FUN_00824020	00824020_FUN_00824020.c	ok
00824200	FUN_00824200	00824200_FUN_00824200.c	ok
008242c0	FUN_008242c0	008242c0_FUN_008242c0.c	ok
00824360	FUN_00824360	00824360_FUN_00824360.c	ok
00824400	FUN_00824400	00824400_FUN_00824400.c	ok
00824590	FUN_00824590	00824590_FUN_00824590.c	ok
00824670	FUN_00824670	00824670_FUN_00824670.c	ok
008248b0	FUN_008248b0	008248b0_FUN_008248b0.c	ok
00824950	FUN_00824950	00824950_FUN_00824950.c	ok
00824a80	FUN_00824a80	00824a80_FUN_00824a80.c	ok
00824b20	FUN_00824b20	00824b20_FUN_00824b20.c	ok
00824d80	FUN_00824d80	00824d80_FUN_00824d80.c	ok
00824e20	FUN_00824e20	00824e20_FUN_00824e20.c	ok
00824ec0	FUN_00824ec0	00824ec0_FUN_00824ec0.c	ok
00824f60	FUN_00824f60	00824f60_FUN_00824f60.c	ok
008250a0	FUN_008250a0	008250a0_FUN_008250a0.c	ok
00825320	FUN_00825320	00825320_FUN_00825320.c	ok
008253c0	FUN_008253c0	008253c0_FUN_008253c0.c	ok
00825460	FUN_00825460	00825460_FUN_00825460.c	ok
00825500	FUN_00825500	00825500_FUN_00825500.c	ok
008256e0	FUN_008256e0	008256e0_FUN_008256e0.c	ok
00825780	FUN_00825780	00825780_FUN_00825780.c	ok
00825820	FUN_00825820	00825820_FUN_00825820.c	ok
008258c0	FUN_008258c0	008258c0_FUN_008258c0.c	ok
00825960	FUN_00825960	00825960_FUN_00825960.c	ok
00825ba0	FUN_00825ba0	00825ba0_FUN_00825ba0.c	ok
00825c40	FUN_00825c40	00825c40_FUN_00825c40.c	ok
00825d80	FUN_00825d80	00825d80_FUN_00825d80.c	ok
00825e20	FUN_00825e20	00825e20_FUN_00825e20.c	ok
00825ec0	FUN_00825ec0	00825ec0_FUN_00825ec0.c	ok
008260a0	FUN_008260a0	008260a0_FUN_008260a0.c	ok
00826140	FUN_00826140	00826140_FUN_00826140.c	ok
008265a0	FUN_008265a0	008265a0_FUN_008265a0.c	ok
00826820	FUN_00826820	00826820_FUN_00826820.c	ok
00829fc0	FUN_00829fc0	00829fc0_FUN_00829fc0.c	ok
0082a560	FUN_0082a560	0082a560_FUN_0082a560.c	ok
0082aa50	FUN_0082aa50	0082aa50_FUN_0082aa50.c	ok
00830b00	FUN_00830b00	00830b00_FUN_00830b00.c	ok
00832090	FUN_00832090	00832090_FUN_00832090.c	ok
00832100	FUN_00832100	00832100_FUN_00832100.c	ok
00834a00	FUN_00834a00	00834a00_FUN_00834a00.c	ok
00834bf0	FUN_00834bf0	00834bf0_FUN_00834bf0.c	ok
008350f0	FUN_008350f0	008350f0_FUN_008350f0.c	ok
00835520	FUN_00835520	00835520_FUN_00835520.c	ok
00836470	FUN_00836470	00836470_FUN_00836470.c	ok
00842410	FUN_00842410	00842410_FUN_00842410.c	ok
00844df0	FUN_00844df0	00844df0_FUN_00844df0.c	ok
00844f50	FUN_00844f50	00844f50_FUN_00844f50.c	ok
008463a0	FUN_008463a0	008463a0_FUN_008463a0.c	ok
0084a2b0	FUN_0084a2b0	0084a2b0_FUN_0084a2b0.c	ok
0084f1e0	FUN_0084f1e0	0084f1e0_FUN_0084f1e0.c	ok
0084f340	FUN_0084f340	0084f340_FUN_0084f340.c	ok
00850450	FUN_00850450	00850450_FUN_00850450.c	ok
008504b0	FUN_008504b0	008504b0_FUN_008504b0.c	ok
008507c0	FUN_008507c0	008507c0_FUN_008507c0.c	ok
00852040	FUN_00852040	00852040_FUN_00852040.c	ok
00852ec0	FUN_00852ec0	00852ec0_FUN_00852ec0.c	ok
00853d20	FUN_00853d20	00853d20_FUN_00853d20.c	ok
00855e50	FUN_00855e50	00855e50_FUN_00855e50.c	ok
0085d9c0	FUN_0085d9c0	0085d9c0_FUN_0085d9c0.c	ok
0085dd10	FUN_0085dd10	0085dd10_FUN_0085dd10.c	ok
0085e5d0	FUN_0085e5d0	0085e5d0_FUN_0085e5d0.c	ok
0086a9e0	FUN_0086a9e0	0086a9e0_FUN_0086a9e0.c	ok
008925d0	FUN_008925d0	008925d0_FUN_008925d0.c	ok
00893170	FUN_00893170	00893170_FUN_00893170.c	ok
00893440	FUN_00893440	00893440_FUN_00893440.c	ok
008935c0	FUN_008935c0	008935c0_FUN_008935c0.c	ok
00893900	FUN_00893900	00893900_FUN_00893900.c	ok
00893b60	FUN_00893b60	00893b60_FUN_00893b60.c	ok
00893eb0	FUN_00893eb0	00893eb0_FUN_00893eb0.c	ok
008942e0	FUN_008942e0	008942e0_FUN_008942e0.c	ok
008947e2	FUN_008947e2	008947e2_FUN_008947e2.c	ok
00894a60	FUN_00894a60	00894a60_FUN_00894a60.c	ok
00894b80	FUN_00894b80	00894b80_FUN_00894b80.c	ok
00895240	FUN_00895240	00895240_FUN_00895240.c	ok
008959c0	FUN_008959c0	008959c0_FUN_008959c0.c	ok
00895aa0	FUN_00895aa0	00895aa0_FUN_00895aa0.c	ok
00895ec0	FUN_00895ec0	00895ec0_FUN_00895ec0.c	ok
00895f00	FUN_00895f00	00895f00_FUN_00895f00.c	ok
00895f40	FUN_00895f40	00895f40_FUN_00895f40.c	ok
008966f0	FUN_008966f0	008966f0_FUN_008966f0.c	ok
00896720	FUN_00896720	00896720_FUN_00896720.c	ok
00898460	FUN_00898460	00898460_FUN_00898460.c	ok
008990c0	FUN_008990c0	008990c0_FUN_008990c0.c	ok
00899480	FUN_00899480	00899480_FUN_00899480.c	ok
0089c070	FUN_0089c070	0089c070_FUN_0089c070.c	ok
0089c820	FUN_0089c820	0089c820_FUN_0089c820.c	ok
0089e950	FUN_0089e950	0089e950_FUN_0089e950.c	ok
0089f850	FUN_0089f850	0089f850_FUN_0089f850.c	ok
008a0374	FUN_008a0374	008a0374_FUN_008a0374.c	ok
008a0790	FUN_008a0790	008a0790_FUN_008a0790.c	ok
008a2360	FUN_008a2360	008a2360_FUN_008a2360.c	ok
008a2d25	FUN_008a2d25	008a2d25_FUN_008a2d25.c	ok
008a3680	FUN_008a3680	008a3680_FUN_008a3680.c	ok
008a3e30	FUN_008a3e30	008a3e30_FUN_008a3e30.c	ok
008a52e0	FUN_008a52e0	008a52e0_FUN_008a52e0.c	ok
008a6670	FUN_008a6670	008a6670_FUN_008a6670.c	ok
008a6e90	FUN_008a6e90	008a6e90_FUN_008a6e90.c	ok
008a72a0	FUN_008a72a0	008a72a0_FUN_008a72a0.c	ok
008a8e30	FUN_008a8e30	008a8e30_FUN_008a8e30.c	ok
008a8e60	FUN_008a8e60	008a8e60_FUN_008a8e60.c	ok
008ad0c0	FUN_008ad0c0	008ad0c0_FUN_008ad0c0.c	ok
008ad130	FUN_008ad130	008ad130_FUN_008ad130.c	ok
008ad1d0	FUN_008ad1d0	008ad1d0_FUN_008ad1d0.c	ok
008af710	FUN_008af710	008af710_FUN_008af710.c	ok
008b4c70	FUN_008b4c70	008b4c70_FUN_008b4c70.c	ok
008b4fc0	FUN_008b4fc0	008b4fc0_FUN_008b4fc0.c	ok
008b5620	FUN_008b5620	008b5620_FUN_008b5620.c	ok
008b58b0	FUN_008b58b0	008b58b0_FUN_008b58b0.c	ok
008b6d20	FUN_008b6d20	008b6d20_FUN_008b6d20.c	ok
008b7cd0	FUN_008b7cd0	008b7cd0_FUN_008b7cd0.c	ok
008b924c	FUN_008b924c	008b924c_FUN_008b924c.c	ok
008b9340	FUN_008b9340	008b9340_FUN_008b9340.c	ok
008bf560	FUN_008bf560	008bf560_FUN_008bf560.c	ok
008c1490	FUN_008c1490	008c1490_FUN_008c1490.c	ok
008c16d0	FUN_008c16d0	008c16d0_FUN_008c16d0.c	ok
008c17d0	FUN_008c17d0	008c17d0_FUN_008c17d0.c	ok
008c18f0	FUN_008c18f0	008c18f0_FUN_008c18f0.c	ok
008c2160	FUN_008c2160	008c2160_FUN_008c2160.c	ok
008c22f0	FUN_008c22f0	008c22f0_FUN_008c22f0.c	ok
008c2aa0	FUN_008c2aa0	008c2aa0_FUN_008c2aa0.c	ok
008c4560	FUN_008c4560	008c4560_FUN_008c4560.c	ok
008c4d70	FUN_008c4d70	008c4d70_FUN_008c4d70.c	ok
008c6120	FUN_008c6120	008c6120_FUN_008c6120.c	ok
008c7b90	FUN_008c7b90	008c7b90_FUN_008c7b90.c	ok
008c8290	FUN_008c8290	008c8290_FUN_008c8290.c	ok
008c91d0	FUN_008c91d0	008c91d0_FUN_008c91d0.c	ok
008c9ff0	FUN_008c9ff0	008c9ff0_FUN_008c9ff0.c	ok
008ca4a0	FUN_008ca4a0	008ca4a0_FUN_008ca4a0.c	ok
008ccc90	FUN_008ccc90	008ccc90_FUN_008ccc90.c	ok
008cd460	FUN_008cd460	008cd460_FUN_008cd460.c	ok
008d1e60	FUN_008d1e60	008d1e60_FUN_008d1e60.c	ok
008d20b0	FUN_008d20b0	008d20b0_FUN_008d20b0.c	ok
008d2230	FUN_008d2230	008d2230_FUN_008d2230.c	ok
008d9e90	FUN_008d9e90	008d9e90_FUN_008d9e90.c	ok
008da320	FUN_008da320	008da320_FUN_008da320.c	ok
008da780	FUN_008da780	008da780_FUN_008da780.c	ok
008e6e60	FUN_008e6e60	008e6e60_FUN_008e6e60.c	ok
008e7600	FUN_008e7600	008e7600_FUN_008e7600.c	ok
008e7cf0	FUN_008e7cf0	008e7cf0_FUN_008e7cf0.c	ok
008e94e0	FUN_008e94e0	008e94e0_FUN_008e94e0.c	ok
008e9570	FUN_008e9570	008e9570_FUN_008e9570.c	ok
008ea310	FUN_008ea310	008ea310_FUN_008ea310.c	ok
008ef606	FUN_008ef606	008ef606_FUN_008ef606.c	ok
008fc280	FUN_008fc280	008fc280_FUN_008fc280.c	ok
008fc460	FUN_008fc460	008fc460_FUN_008fc460.c	ok
008fc570	FUN_008fc570	008fc570_FUN_008fc570.c	ok
00901a50	FUN_00901a50	00901a50_FUN_00901a50.c	ok
00902660	FUN_00902660	00902660_FUN_00902660.c	ok
009028f0	FUN_009028f0	009028f0_FUN_009028f0.c	ok
00910120	FUN_00910120	00910120_FUN_00910120.c	ok
00912c30	FUN_00912c30	00912c30_FUN_00912c30.c	ok
00912c90	FUN_00912c90	00912c90_FUN_00912c90.c	ok
00913850	FUN_00913850	00913850_FUN_00913850.c	ok
00913ae0	FUN_00913ae0	00913ae0_FUN_00913ae0.c	ok
00914e80	FUN_00914e80	00914e80_FUN_00914e80.c	ok
00914f20	FUN_00914f20	00914f20_FUN_00914f20.c	ok
0091dca0	FUN_0091dca0	0091dca0_FUN_0091dca0.c	ok
0091de20	FUN_0091de20	0091de20_FUN_0091de20.c	ok
009253f0	FUN_009253f0	009253f0_FUN_009253f0.c	ok
0092e8e0	FUN_0092e8e0	0092e8e0_FUN_0092e8e0.c	ok
0092eba0	FUN_0092eba0	0092eba0_FUN_0092eba0.c	ok
00932220	FUN_00932220	00932220_FUN_00932220.c	ok
00932980	FUN_00932980	00932980_FUN_00932980.c	ok
009329b0	FUN_009329b0	009329b0_FUN_009329b0.c	ok
00932d70	FUN_00932d70	00932d70_FUN_00932d70.c	ok
0093add0	FUN_0093add0	0093add0_FUN_0093add0.c	ok
0093adf0	FUN_0093adf0	0093adf0_FUN_0093adf0.c	ok
0093c6e0	FUN_0093c6e0	0093c6e0_FUN_0093c6e0.c	ok
00954310	FUN_00954310	00954310_FUN_00954310.c	ok
00954820	FUN_00954820	00954820_FUN_00954820.c	ok
00954ac0	FUN_00954ac0	00954ac0_FUN_00954ac0.c	ok
00955160	FUN_00955160	00955160_FUN_00955160.c	ok
00955280	FUN_00955280	00955280_FUN_00955280.c	ok
0096ce30	FUN_0096ce30	0096ce30_FUN_0096ce30.c	ok
009720c0	FUN_009720c0	009720c0_FUN_009720c0.c	ok
00972230	FUN_00972230	00972230_FUN_00972230.c	ok
00976370	FUN_00976370	00976370_FUN_00976370.c	ok
0097a660	FUN_0097a660	0097a660_FUN_0097a660.c	ok
0097bc00	FUN_0097bc00	0097bc00_FUN_0097bc00.c	ok
0097bc70	FUN_0097bc70	0097bc70_FUN_0097bc70.c	ok
0097c390	FUN_0097c390	0097c390_FUN_0097c390.c	ok
0097ddc0	FUN_0097ddc0	0097ddc0_FUN_0097ddc0.c	ok
0097f740	FUN_0097f740	0097f740_FUN_0097f740.c	ok
00982160	FUN_00982160	00982160_FUN_00982160.c	ok
00982880	FUN_00982880	00982880_FUN_00982880.c	ok
009842e0	FUN_009842e0	009842e0_FUN_009842e0.c	ok
00984dc0	FUN_00984dc0	00984dc0_FUN_00984dc0.c	ok
00985540	FUN_00985540	00985540_FUN_00985540.c	ok
00985c90	FUN_00985c90	00985c90_FUN_00985c90.c	ok
00986e60	FUN_00986e60	00986e60_FUN_00986e60.c	ok
0098a7a0	FUN_0098a7a0	0098a7a0_FUN_0098a7a0.c	ok
0098d890	FUN_0098d890	0098d890_FUN_0098d890.c	ok
0098e810	FUN_0098e810	0098e810_FUN_0098e810.c	ok
00991460	FUN_00991460	00991460_FUN_00991460.c	ok
00992960	FUN_00992960	00992960_FUN_00992960.c	ok
009942b0	FUN_009942b0	009942b0_FUN_009942b0.c	ok
00994460	FUN_00994460	00994460_FUN_00994460.c	ok
00995270	FUN_00995270	00995270_FUN_00995270.c	ok
00996740	FUN_00996740	00996740_FUN_00996740.c	ok
00996b60	FUN_00996b60	00996b60_FUN_00996b60.c	ok
00997820	FUN_00997820	00997820_FUN_00997820.c	ok
00998320	FUN_00998320	00998320_FUN_00998320.c	ok
0099f3e0	FUN_0099f3e0	0099f3e0_FUN_0099f3e0.c	ok
0099fbf0	FUN_0099fbf0	0099fbf0_FUN_0099fbf0.c	ok
009a0480	FUN_009a0480	009a0480_FUN_009a0480.c	ok
009a1500	FUN_009a1500	009a1500_FUN_009a1500.c	ok
009a7d60	FUN_009a7d60	009a7d60_FUN_009a7d60.c	ok
009a8cd0	FUN_009a8cd0	009a8cd0_FUN_009a8cd0.c	ok
009ba940	FUN_009ba940	009ba940_FUN_009ba940.c	ok
009bb3a0	FUN_009bb3a0	009bb3a0_FUN_009bb3a0.c	ok
009c01b0	FUN_009c01b0	009c01b0_FUN_009c01b0.c	ok
009c2b80	FUN_009c2b80	009c2b80_FUN_009c2b80.c	ok
009c2bc0	FUN_009c2bc0	009c2bc0_FUN_009c2bc0.c	ok
009ca7e0	FUN_009ca7e0	009ca7e0_FUN_009ca7e0.c	ok
009cdb00	FUN_009cdb00	009cdb00_FUN_009cdb00.c	ok
009cdbd0	FUN_009cdbd0	009cdbd0_FUN_009cdbd0.c	ok
009cdd10	FUN_009cdd10	009cdd10_FUN_009cdd10.c	ok
009d51f0	FUN_009d51f0	009d51f0_FUN_009d51f0.c	ok
009daa40	FUN_009daa40	009daa40_FUN_009daa40.c	ok
009dafd0	FUN_009dafd0	009dafd0_FUN_009dafd0.c	ok
009db100	FUN_009db100	009db100_FUN_009db100.c	ok
009e5760	FUN_009e5760	009e5760_FUN_009e5760.c	ok
009e63e0	FUN_009e63e0	009e63e0_FUN_009e63e0.c	ok
009e6720	FUN_009e6720	009e6720_FUN_009e6720.c	ok
009e8260	FUN_009e8260	009e8260_FUN_009e8260.c	ok
009ea160	FUN_009ea160	009ea160_FUN_009ea160.c	ok
009ea550	FUN_009ea550	009ea550_FUN_009ea550.c	ok
009f23c0	FUN_009f23c0	009f23c0_FUN_009f23c0.c	ok
009f2680	FUN_009f2680	009f2680_FUN_009f2680.c	ok
009f53c0	FUN_009f53c0	009f53c0_FUN_009f53c0.c	ok
009f59c0	FUN_009f59c0	009f59c0_FUN_009f59c0.c	ok
009f5d60	FUN_009f5d60	009f5d60_FUN_009f5d60.c	ok
009f6580	FUN_009f6580	009f6580_FUN_009f6580.c	ok
009f7280	FUN_009f7280	009f7280_FUN_009f7280.c	ok
009f8440	FUN_009f8440	009f8440_FUN_009f8440.c	ok
009f8880	FUN_009f8880	009f8880_FUN_009f8880.c	ok
009f9160	FUN_009f9160	009f9160_FUN_009f9160.c	ok
009f9640	FUN_009f9640	009f9640_FUN_009f9640.c	ok
009f9960	FUN_009f9960	009f9960_FUN_009f9960.c	ok
009f9ba0	FUN_009f9ba0	009f9ba0_FUN_009f9ba0.c	ok
009fa1a0	FUN_009fa1a0	009fa1a0_FUN_009fa1a0.c	ok
009fa7e0	FUN_009fa7e0	009fa7e0_FUN_009fa7e0.c	ok
009fd130	FUN_009fd130	009fd130_FUN_009fd130.c	ok
009fd1c0	FUN_009fd1c0	009fd1c0_FUN_009fd1c0.c	ok
009fd360	FUN_009fd360	009fd360_FUN_009fd360.c	ok
009feb70	FUN_009feb70	009feb70_FUN_009feb70.c	ok
00a00260	FUN_00a00260	00a00260_FUN_00a00260.c	ok
00a17be0	FUN_00a17be0	00a17be0_FUN_00a17be0.c	ok
00a17df0	FUN_00a17df0	00a17df0_FUN_00a17df0.c	ok
00a1d950	FUN_00a1d950	00a1d950_FUN_00a1d950.c	ok
00a1e0c0	FUN_00a1e0c0	00a1e0c0_FUN_00a1e0c0.c	ok
00a234f0	FUN_00a234f0	00a234f0_FUN_00a234f0.c	ok
00a235c0	FUN_00a235c0	00a235c0_FUN_00a235c0.c	ok
00a29270	FUN_00a29270	00a29270_FUN_00a29270.c	ok
00a292e0	FUN_00a292e0	00a292e0_FUN_00a292e0.c	ok
00a29b50	FUN_00a29b50	00a29b50_FUN_00a29b50.c	ok
00a29c20	FUN_00a29c20	00a29c20_FUN_00a29c20.c	ok
00a2aa90	FUN_00a2aa90	00a2aa90_FUN_00a2aa90.c	ok
00a2cfa0	FUN_00a2cfa0	00a2cfa0_FUN_00a2cfa0.c	ok
00a2d1e0	FUN_00a2d1e0	00a2d1e0_FUN_00a2d1e0.c	ok
00a2e420	FUN_00a2e420	00a2e420_FUN_00a2e420.c	ok
00a2e5e0	FUN_00a2e5e0	00a2e5e0_FUN_00a2e5e0.c	ok
00a2e620	FUN_00a2e620	00a2e620_FUN_00a2e620.c	ok
00a2ed60	FUN_00a2ed60	00a2ed60_FUN_00a2ed60.c	ok
00a2ef70	FUN_00a2ef70	00a2ef70_FUN_00a2ef70.c	ok
00a2f120	FUN_00a2f120	00a2f120_FUN_00a2f120.c	ok
00a2f840	FUN_00a2f840	00a2f840_FUN_00a2f840.c	ok
00a2fac0	FUN_00a2fac0	00a2fac0_FUN_00a2fac0.c	ok
00a30ad0	FUN_00a30ad0	00a30ad0_FUN_00a30ad0.c	ok
00a33a90	FUN_00a33a90	00a33a90_FUN_00a33a90.c	ok
00a33ac0	FUN_00a33ac0	00a33ac0_FUN_00a33ac0.c	ok
00a33cc0	FUN_00a33cc0	00a33cc0_FUN_00a33cc0.c	ok
00a33d20	FUN_00a33d20	00a33d20_FUN_00a33d20.c	ok
00a33d90	FUN_00a33d90	00a33d90_FUN_00a33d90.c	ok
00a33fd0	FUN_00a33fd0	00a33fd0_FUN_00a33fd0.c	ok
00a346e0	FUN_00a346e0	00a346e0_FUN_00a346e0.c	ok
00a34720	FUN_00a34720	00a34720_FUN_00a34720.c	ok
00a35740	FUN_00a35740	00a35740_FUN_00a35740.c	ok
00a359f0	FUN_00a359f0	00a359f0_FUN_00a359f0.c	ok
00a35dc0	FUN_00a35dc0	00a35dc0_FUN_00a35dc0.c	ok
00a35eb0	FUN_00a35eb0	00a35eb0_FUN_00a35eb0.c	ok
00a362e0	FUN_00a362e0	00a362e0_FUN_00a362e0.c	ok
00a36310	FUN_00a36310	00a36310_FUN_00a36310.c	ok
00a363a0	FUN_00a363a0	00a363a0_FUN_00a363a0.c	ok
00a36430	FUN_00a36430	00a36430_FUN_00a36430.c	ok
00a54980	FUN_00a54980	00a54980_FUN_00a54980.c	ok
00a5fac0	FUN_00a5fac0	00a5fac0_FUN_00a5fac0.c	ok
00a60270	FUN_00a60270	00a60270_FUN_00a60270.c	ok
00a618b0	FUN_00a618b0	00a618b0_FUN_00a618b0.c	ok
00a61b20	FUN_00a61b20	00a61b20_FUN_00a61b20.c	ok
00a6bbc0	FUN_00a6bbc0	00a6bbc0_FUN_00a6bbc0.c	ok
00a6bdf0	FUN_00a6bdf0	00a6bdf0_FUN_00a6bdf0.c	ok
00a753d0	FUN_00a753d0	00a753d0_FUN_00a753d0.c	ok
00ac94a0	FUN_00ac94a0	00ac94a0_FUN_00ac94a0.c	ok
00ac97d0	FUN_00ac97d0	00ac97d0_FUN_00ac97d0.c	ok
00ac9c70	FUN_00ac9c70	00ac9c70_FUN_00ac9c70.c	ok
00aca260	FUN_00aca260	00aca260_FUN_00aca260.c	ok
00ae4ca0	FUN_00ae4ca0	00ae4ca0_FUN_00ae4ca0.c	ok
00b335a0	FUN_00b335a0	00b335a0_FUN_00b335a0.c	ok
00b5a300	FUN_00b5a300	00b5a300_FUN_00b5a300.c	ok
00b5f120	FUN_00b5f120	00b5f120_FUN_00b5f120.c	ok
00b5fac0	FUN_00b5fac0	00b5fac0_FUN_00b5fac0.c	ok
00b61760	FUN_00b61760	00b61760_FUN_00b61760.c	ok
00b621c0	FUN_00b621c0	00b621c0_FUN_00b621c0.c	ok
00b64ce0	FUN_00b64ce0	00b64ce0_FUN_00b64ce0.c	ok
00b66820	FUN_00b66820	00b66820_FUN_00b66820.c	ok
00bab700	FUN_00bab700	00bab700_FUN_00bab700.c	ok
00bc1ac0	FUN_00bc1ac0	00bc1ac0_FUN_00bc1ac0.c	ok
00bce2a0	FUN_00bce2a0	00bce2a0_FUN_00bce2a0.c	ok
00bcef20	FUN_00bcef20	00bcef20_FUN_00bcef20.c	ok
00bcf1d0	FUN_00bcf1d0	00bcf1d0_FUN_00bcf1d0.c	ok
00bd0040	FUN_00bd0040	00bd0040_FUN_00bd0040.c	ok
00be2940	FUN_00be2940	00be2940_FUN_00be2940.c	ok
00c06240	FUN_00c06240	00c06240_FUN_00c06240.c	ok
00c3b740	FUN_00c3b740	00c3b740_FUN_00c3b740.c	ok
00c95160	FUN_00c95160	00c95160_FUN_00c95160.c	ok
00c96740	FUN_00c96740	00c96740_FUN_00c96740.c	ok
00c9f7e0	FUN_00c9f7e0	00c9f7e0_FUN_00c9f7e0.c	ok
00cf5180	FUN_00cf5180	00cf5180_FUN_00cf5180.c	ok
00cfa220	FUN_00cfa220	00cfa220_FUN_00cfa220.c	ok
00cfb9e0	FUN_00cfb9e0	00cfb9e0_FUN_00cfb9e0.c	ok
00cfeee0	FUN_00cfeee0	00cfeee0_FUN_00cfeee0.c	ok
00d0e7e0	FUN_00d0e7e0	00d0e7e0_FUN_00d0e7e0.c	ok
00db6840	FUN_00db6840	00db6840_FUN_00db6840.c	ok
00dc3a00	FUN_00dc3a00	00dc3a00_FUN_00dc3a00.c	ok
00df41c0	FUN_00df41c0	00df41c0_FUN_00df41c0.c	ok
00df74e0	FUN_00df74e0	00df74e0_FUN_00df74e0.c	ok
00df93e0	FUN_00df93e0	00df93e0_FUN_00df93e0.c	ok
00eb7c70	FUN_00eb7c70	00eb7c70_FUN_00eb7c70.c	ok
00ebb250	FUN_00ebb250	00ebb250_FUN_00ebb250.c	ok
00ecf450	FUN_00ecf450	00ecf450_FUN_00ecf450.c	ok
00ee8980	FUN_00ee8980	00ee8980_FUN_00ee8980.c	ok
00eeaf40	FUN_00eeaf40	00eeaf40_FUN_00eeaf40.c	ok
